Timestamp,Human readable date,1w-daily,1w-hourly,alerts,battery,connecttime,daily,daily-max,hourly,maxmin,resets,temp,context_1w-daily,context_1w-hourly,context_alerts,context_battery,context_connecttime,context_daily,context_daily-max,context_hourly,context_maxmin,context_resets,context_temp,created_at_1w-daily,created_at_1w-hourly,created_at_alerts,created_at_battery,created_at_connecttime,created_at_daily,created_at_daily-max,created_at_hourly,created_at_maxmin,created_at_resets,created_at_temp
1613739614000.0,2021-02-19 05:00:14,,,0.0,0.0,34.0,0.0,,0.0,0.0,0.0,59.0,,,b'{}',"b'{""key1"":""Discharging""}'",b'{}',b'{}',,b'{}',b'{}',b'{}',b'{}',,,1613743235380,1613743235380,1613743235380,1613743235380,,1613743235380,1613743235380,1613743235380,1613743235380
1613736015000.0,2021-02-19 04:00:15,,,0.0,0.0,14.0,0.0,,0.0,0.0,0.0,57.0,,,b'{}',"b'{""key1"":""Discharging""}'",b'{}',b'{}',,b'{}',b'{}',b'{}',b'{}',,,1613739616358,1613739616358,1613739616358,1613739616358,,1613739616358,1613739616358,1613739616358,1613739616358
1613732442000.0,2021-02-19 03:00:42,,,0.0,0.0,14.0,0.0,,0.0,0.0,0.0,55.0,,,b'{}',"b'{""key1"":""Discharging""}'",b'{}',b'{}',,b'{}',b'{}',b'{}',b'{}',,,1613736017069,1613736017069,1613736017069,1613736017069,,1613736017069,1613736017069,1613736017069,1613736017069
1613710800000.0,2021-02-18 21:00:00,,,0.0,0.0,41.0,0.0,,0.0,0.0,0.0,55.0,,,b'{}',"b'{""key1"":""Discharging""}'",b'{}',b'{}',,b'{}',b'{}',b'{}',b'{}',,,1613732445957,1613732445957,1613732445957,1613732445957,,1613732445957,1613732445957,1613732445957,1613732445957
1613699533000.0,2021-02-18 17:52:13,,,0.0,0.0,53.0,37.0,,4.0,2.0,0.0,57.0,,,b'{}',"b'{""key1"":""Discharging""}'",b'{}',b'{}',,b'{}',b'{}',b'{}',b'{}',,,1613700055813,1613700055813,1613700055813,1613700055813,,1613700055813,1613700055813,1613700055813,1613700055813
1613695906000.0,2021-02-18 16:51:46,,,0.0,0.0,14.0,33.0,,10.0,2.0,0.0,57.0,,,b'{}',"b'{""key1"":""Discharging""}'",b'{}',b'{}',,b'{}',b'{}',b'{}',b'{}',,,1613696416724,1613696416724,1613696416724,1613696416724,,1613696416724,1613696416724,1613696416724,1613696416724
1613689970000.0,2021-02-18 15:12:50,,,0.0,0.0,14.0,23.0,,1.0,1.0,0.0,60.0,,,b'{}',"b'{""key1"":""Not Charging""}'",b'{}',b'{}',,b'{}',b'{}',b'{}',b'{}',,,1613692815723,1613692815723,1613692815723,1613692815723,,1613692815723,1613692815723,1613692815723,1613692815723
1613686325000.0,2021-02-18 14:12:05,,,0.0,0.0,40.0,22.0,,3.0,2.0,0.0,57.0,,,b'{}',"b'{""key1"":""Discharging""}'",b'{}',b'{}',,b'{}',b'{}',b'{}',b'{}',,,1613689242365,1613689242365,1613689242365,1613689242365,,1613689242365,1613689242365,1613689242365,1613689242365
1613685608000.0,2021-02-18 14:00:08,,,0.0,0.0,53.0,19.0,,6.0,2.0,0.0,57.0,,,b'{}',"b'{""key1"":""Charging""}'",b'{}',b'{}',,b'{}',b'{}',b'{}',b'{}',,,1613685655747,1613685655747,1613685655747,1613685655747,,1613685655747,1613685655747,1613685655747,1613685655747
1613680623000.0,2021-02-18 12:37:03,,,0.0,0.0,15.0,13.0,,8.0,2.0,0.0,57.0,,,b'{}',"b'{""key1"":""Charging""}'",b'{}',b'{}',,b'{}',b'{}',b'{}',b'{}',,,1613682018109,1613682018109,1613682018109,1613682018109,,1613682018109,1613682018109,1613682018109,1613682018109
1613678409000.0,2021-02-18 12:00:09,,,0.0,0.0,14.0,5.0,,5.0,2.0,0.0,55.0,,,b'{}',"b'{""key1"":""Charging""}'",b'{}',b'{}',,b'{}',b'{}',b'{}',b'{}',,,1613678415668,1613678415668,1613678415668,1613678415668,,1613678415668,1613678415668,1613678415668,1613678415668
1613672496000.0,2021-02-18 10:21:36,,,0.0,0.0,40.0,0.0,,0.0,0.0,0.0,55.0,,,b'{}',"b'{""key1"":""Charging""}'",b'{}',b'{}',,b'{}',b'{}',b'{}',b'{}',,,1613674842356,1613674842356,1613674842356,1613674842356,,1613674842356,1613674842356,1613674842356,1613674842356
1613646042000.0,2021-02-18 03:00:42,,,0.0,0.0,34.0,0.0,,0.0,0.0,0.0,51.0,,,b'{}',"b'{""key1"":""Discharging""}'",b'{}',b'{}',,b'{}',b'{}',b'{}',b'{}',,,1613649636518,1613649636518,1613649636518,1613649636518,,1613649636518,1613649636518,1613649636518,1613649636518
1613624400000.0,2021-02-17 21:00:00,,,0.0,0.0,41.0,0.0,,0.0,0.0,0.0,53.0,,,b'{}',"b'{""key1"":""Discharging""}'",b'{}',b'{}',,b'{}',b'{}',b'{}',b'{}',,,1613646046144,1613646046144,1613646046144,1613646046144,,1613646046144,1613646046144,1613646046144,1613646046144
1613613223000.0,2021-02-17 17:53:43,,,0.0,0.0,14.0,41.0,,5.0,2.0,0.0,55.0,,,b'{}',"b'{""key1"":""Discharging""}'",b'{}',b'{}',,b'{}',b'{}',b'{}',b'{}',,,1613613616906,1613613616906,1613613616906,1613613616906,,1613613616906,1613613616906,1613613616906,1613613616906
1613609816000.0,2021-02-17 16:56:56,,,0.0,0.0,14.0,36.0,,6.0,2.0,0.0,55.0,,,b'{}',"b'{""key1"":""Discharging""}'",b'{}',b'{}',,b'{}',b'{}',b'{}',b'{}',,,1613610017112,1613610017112,1613610017112,1613610017112,,1613610017112,1613610017112,1613610017112,1613610017112
1613605972000.0,2021-02-17 15:52:52,,,0.0,0.0,34.0,30.0,,9.0,2.0,0.0,60.0,,,b'{}',"b'{""key1"":""Discharging""}'",b'{}',b'{}',,b'{}',b'{}',b'{}',b'{}',,,1613606437955,1613606437955,1613606437955,1613606437955,,1613606437955,1613606437955,1613606437955,1613606437955
1613602809000.0,2021-02-17 15:00:09,,,0.0,0.0,40.0,21.0,,8.0,2.0,0.0,55.0,,,b'{}',"b'{""key1"":""Discharging""}'",b'{}',b'{}',,b'{}',b'{}',b'{}',b'{}',,,1613602842246,1613602842246,1613602842246,1613602842246,,1613602842246,1613602842246,1613602842246,1613602842246
1613598806000.0,2021-02-17 13:53:26,,,0.0,0.0,14.0,13.0,,3.0,2.0,0.0,55.0,,,b'{}',"b'{""key1"":""Charging""}'",b'{}',b'{}',,b'{}',b'{}',b'{}',b'{}',,,1613599217311,1613599217311,1613599217311,1613599217311,,1613599217311,1613599217311,1613599217311,1613599217311
1613595467000.0,2021-02-17 12:57:47,,,0.0,0.0,14.0,10.0,,8.0,2.0,0.0,55.0,,,b'{}',"b'{""key1"":""Charging""}'",b'{}',b'{}',,b'{}',b'{}',b'{}',b'{}',,,1613595617079,1613595617079,1613595617079,1613595617079,,1613595617079,1613595617079,1613595617079,1613595617079
1613590886000.0,2021-02-17 11:41:26,,,0.0,0.0,33.0,2.0,,2.0,2.0,0.0,53.0,,,b'{}',"b'{""key1"":""Charging""}'",b'{}',b'{}',,b'{}',b'{}',b'{}',b'{}',,,1613592034703,1613592034703,1613592034703,1613592034703,,1613592034703,1613592034703,1613592034703,1613592034703
1613586262000.0,2021-02-17 10:24:22,,,0.0,1.0,15.0,0.0,,0.0,2.0,0.0,53.0,,,b'{}',"b'{""key1"":""Charging""}'",b'{}',b'{}',,b'{}',b'{}',b'{}',b'{}',,,1613588416352,1613588416352,1613588416352,1613588416352,,1613588416352,1613588416352,1613588416352,1613588416352
1613264673000.0,2021-02-13 17:04:33,,,0.0,0.0,53.0,24.0,,1.0,2.0,1.0,59.0,,,b'{}',"b'{""key1"":""Discharging""}'",b'{}',b'{}',,b'{}',b'{}',b'{}',b'{}',,,1613268055678,1613268055678,1613268055678,1613268055678,,1613268055678,1613268055678,1613268055678,1613268055678
1613263460000.0,2021-02-13 16:44:20,,,0.0,0.0,33.0,23.0,,4.0,2.0,1.0,60.0,,,b'{}',"b'{""key1"":""Discharging""}'",b'{}',b'{}',,b'{}',b'{}',b'{}',b'{}',,,1613264436559,1613264436559,1613264436559,1613264436559,,1613264436559,1613264436559,1613264436559,1613264436559
1613259638000.0,2021-02-13 15:40:38,,,0.0,0.0,15.0,19.0,,3.0,2.0,1.0,62.0,,,b'{}',"b'{""key1"":""Discharging""}'",b'{}',b'{}',,b'{}',b'{}',b'{}',b'{}',,,1613260818160,1613260818160,1613260818160,1613260818160,,1613260818160,1613260818160,1613260818160,1613260818160
1613257024000.0,2021-02-13 14:57:04,,,0.0,0.0,40.0,16.0,,1.0,2.0,1.0,57.0,,,b'{}',"b'{""key1"":""Discharging""}'",b'{}',b'{}',,b'{}',b'{}',b'{}',b'{}',,,1613257242064,1613257242064,1613257242064,1613257242064,,1613257242064,1613257242064,1613257242064,1613257242064
1613253374000.0,2021-02-13 13:56:14,,,0.0,0.0,14.0,15.0,,2.0,2.0,1.0,60.0,,,b'{}',"b'{""key1"":""Charging""}'",b'{}',b'{}',,b'{}',b'{}',b'{}',b'{}',,,1613253616871,1613253616871,1613253616871,1613253616871,,1613253616871,1613253616871,1613253616871,1613253616871
1613249196000.0,2021-02-13 12:46:36,,,0.0,0.0,40.0,13.0,,4.0,2.0,1.0,57.0,,,b'{}',"b'{""key1"":""Charging""}'",b'{}',b'{}',,b'{}',b'{}',b'{}',b'{}',,,1613250042009,1613250042009,1613250042009,1613250042009,,1613250042009,1613250042009,1613250042009,1613250042009
1613245821000.0,2021-02-13 11:50:21,,,0.0,0.0,5.0,9.0,,7.0,2.0,1.0,59.0,,,b'{}',"b'{""key1"":""Discharging""}'",b'{}',b'{}',,b'{}',b'{}',b'{}',b'{}',,,1613246486453,1613246486453,1613246486453,1613246486453,,1613246486453,1613246486453,1613246486453,1613246486453
1613241825000.0,2021-02-13 10:43:45,,,0.0,0.0,14.0,2.0,,2.0,2.0,0.0,60.0,,,b'{}',"b'{""key1"":""Charging""}'",b'{}',b'{}',,b'{}',b'{}',b'{}',b'{}',,,1613242816709,1613242816709,1613242816709,1613242816709,,1613242816709,1613242816709,1613242816709,1613242816709
1613177663000.0,2021-02-12 16:54:23,,,0.0,0.0,14.0,33.0,,18.0,2.0,1.0,62.0,,,b'{}',"b'{""key1"":""Discharging""}'",b'{}',b'{}',,b'{}',b'{}',b'{}',b'{}',,,1613178017754,1613178017754,1613178017754,1613178017754,,1613178017754,1613178017754,1613178017754,1613178017754
1613173652000.0,2021-02-12 15:47:32,,,0.0,0.0,33.0,15.0,,3.0,2.0,0.0,59.0,,,b'{}',"b'{""key1"":""Discharging""}'",b'{}',b'{}',,b'{}',b'{}',b'{}',b'{}',,,1613174435780,1613174435780,1613174435780,1613174435780,,1613174435780,1613174435780,1613174435780,1613174435780
1613170318000.0,2021-02-12 14:51:58,,,0.0,0.0,54.0,12.0,,5.0,2.0,0.0,55.0,,,b'{}',"b'{""key1"":""Discharging""}'",b'{}',b'{}',,b'{}',b'{}',b'{}',b'{}',,,1613170856433,1613170856433,1613170856433,1613170856433,,1613170856433,1613170856433,1613170856433,1613170856433
1613164125000.0,2021-02-12 13:08:45,,,0.0,0.0,40.0,7.0,,1.0,2.0,0.0,53.0,,,b'{}',"b'{""key1"":""Discharging""}'",b'{}',b'{}',,b'{}',b'{}',b'{}',b'{}',,,1613167242780,1613167242780,1613167242780,1613167242780,,1613167242780,1613167242780,1613167242780,1613167242780
1613161988000.0,2021-02-12 12:33:08,,,0.0,0.0,54.0,6.0,,2.0,2.0,0.0,55.0,,,b'{}',"b'{""key1"":""Charging""}'",b'{}',b'{}',,b'{}',b'{}',b'{}',b'{}',,,1613163656212,1613163656212,1613163656212,1613163656212,,1613163656212,1613163656212,1613163656212,1613163656212
1613159408000.0,2021-02-12 11:50:08,,,0.0,0.0,34.0,4.0,,1.0,2.0,0.0,53.0,,,b'{}',"b'{""key1"":""Charging""}'",b'{}',b'{}',,b'{}',b'{}',b'{}',b'{}',,,1613160036682,1613160036682,1613160036682,1613160036682,,1613160036682,1613160036682,1613160036682,1613160036682
1613156444000.0,2021-02-12 11:00:44,,,0.0,0.0,73.0,3.0,,3.0,2.0,0.0,53.0,,,b'{}',"b'{""key1"":""Charging""}'",b'{}',b'{}',,b'{}',b'{}',b'{}',b'{}',,,1613156475523,1613156475523,1613156475523,1613156475523,,1613156475523,1613156475523,1613156475523,1613156475523
1612479599000.0,2021-02-04 14:59:59,,,0.0,0.0,,18.0,,4.0,2.0,0.0,59.0,,,b'{}',"b'{""key1"":""Discharging""}'",,b'{}',,b'{}',b'{}',b'{}',b'{}',,,1612479637096,1612479637096,,1612479637096,,1612479637096,1612479637096,1612479637096,1612479637096
1612475999000.0,2021-02-04 13:59:59,,,0.0,0.0,,14.0,,3.0,2.0,0.0,55.0,,,b'{}',"b'{""key1"":""Discharging""}'",,b'{}',,b'{}',b'{}',b'{}',b'{}',,,1612476036801,1612476036801,,1612476036801,,1612476036801,1612476036801,1612476036801,1612476036801
1612472399000.0,2021-02-04 12:59:59,,,0.0,0.0,,11.0,,1.0,2.0,0.0,51.0,,,b'{}',"b'{""key1"":""Discharging""}'",,b'{}',,b'{}',b'{}',b'{}',b'{}',,,1612472442142,1612472442142,,1612472442142,,1612472442142,1612472442142,1612472442142,1612472442142
1612468799000.0,2021-02-04 11:59:59,,,0.0,0.0,,10.0,,2.0,2.0,0.0,53.0,,,b'{}',"b'{""key1"":""Charging""}'",,b'{}',,b'{}',b'{}',b'{}',b'{}',,,1612469093649,1612469093649,,1612469093649,,1612469093649,1612469093649,1612469093649,1612469093649
1612465199000.0,2021-02-04 10:59:59,,,1.0,0.0,,8.0,,2.0,2.0,0.0,51.0,,,b'{}',"b'{""key1"":""Discharging""}'",,b'{}',,b'{}',b'{}',b'{}',b'{}',,,1612467962464,1612467962464,,1612467962464,,1612467962464,1612467962464,1612467962464,1612467962464
1612461599000.0,2021-02-04 09:59:59,,,0.0,0.0,,6.0,,3.0,2.0,0.0,44.0,,,b'{}',"b'{""key1"":""Discharging""}'",,b'{}',,b'{}',b'{}',b'{}',b'{}',,,1612461642744,1612461642744,,1612461642744,,1612461642744,1612461642744,1612461642744,1612461642744
1612457999000.0,2021-02-04 08:59:59,,,0.0,0.0,,3.0,,1.0,2.0,0.0,44.0,,,b'{}',"b'{""key1"":""Discharging""}'",,b'{}',,b'{}',b'{}',b'{}',b'{}',,,1612458056224,1612458056224,,1612458056224,,1612458056224,1612458056224,1612458056224,1612458056224
1612454399000.0,2021-02-04 07:59:59,,,0.0,0.0,,2.0,,2.0,2.0,0.0,42.0,,,b'{}',"b'{""key1"":""Discharging""}'",,b'{}',,b'{}',b'{}',b'{}',b'{}',,,1612454416030,1612454416030,,1612454416030,,1612454416030,1612454416030,1612454416030,1612454416030
1612450799000.0,2021-02-04 06:59:59,,,0.0,0.0,,0.0,,0.0,0.0,0.0,44.0,,,b'{}',"b'{""key1"":""Discharging""}'",,b'{}',,b'{}',b'{}',b'{}',b'{}',,,1612450835970,1612450835970,,1612450835970,,1612450835970,1612450835970,1612450835970,1612450835970
1612447199000.0,2021-02-04 05:59:59,,,0.0,0.0,,0.0,,0.0,0.0,0.0,42.0,,,b'{}',"b'{""key1"":""Discharging""}'",,b'{}',,b'{}',b'{}',b'{}',b'{}',,,1612447238697,1612447238697,,1612447238697,,1612447238697,1612447238697,1612447238697,1612447238697
1612414799000.0,2021-02-03 20:59:59,,,0.0,0.0,,27.0,,0.0,0.0,0.0,44.0,,,b'{}',"b'{""key1"":""Discharging""}'",,b'{}',,b'{}',b'{}',b'{}',b'{}',,,1612414835819,1612414835819,,1612414835819,,1612414835819,1612414835819,1612414835819,1612414835819
1612411199000.0,2021-02-03 19:59:59,,,0.0,0.0,,27.0,,0.0,0.0,0.0,44.0,,,b'{}',"b'{""key1"":""Discharging""}'",,b'{}',,b'{}',b'{}',b'{}',b'{}',,,1612411216814,1612411216814,,1612411216814,,1612411216814,1612411216814,1612411216814,1612411216814
1612407599000.0,2021-02-03 18:59:59,,,0.0,0.0,,27.0,,1.0,2.0,0.0,46.0,,,b'{}',"b'{""key1"":""Discharging""}'",,b'{}',,b'{}',b'{}',b'{}',b'{}',,,1612407637218,1612407637218,,1612407637218,,1612407637218,1612407637218,1612407637218,1612407637218
1612403999000.0,2021-02-03 17:59:59,,,0.0,0.0,,26.0,,3.0,2.0,0.0,48.0,,,b'{}',"b'{""key1"":""Discharging""}'",,b'{}',,b'{}',b'{}',b'{}',b'{}',,,1612404017448,1612404017448,,1612404017448,,1612404017448,1612404017448,1612404017448,1612404017448
1612400399000.0,2021-02-03 16:59:59,,,0.0,0.0,,23.0,,5.0,2.0,0.0,50.0,,,b'{}',"b'{""key1"":""Discharging""}'",,b'{}',,b'{}',b'{}',b'{}',b'{}',,,1612400448705,1612400448705,,1612400448705,,1612400448705,1612400448705,1612400448705,1612400448705
1612396799000.0,2021-02-03 15:59:59,,,0.0,0.0,,18.0,,1.0,2.0,0.0,59.0,,,b'{}',"b'{""key1"":""Not Charging""}'",,b'{}',,b'{}',b'{}',b'{}',b'{}',,,1612396816331,1612396816331,,1612396816331,,1612396816331,1612396816331,1612396816331,1612396816331
1612393199000.0,2021-02-03 14:59:59,,,0.0,0.0,,17.0,,2.0,2.0,0.0,50.0,,,b'{}',"b'{""key1"":""Discharging""}'",,b'{}',,b'{}',b'{}',b'{}',b'{}',,,1612393216247,1612393216247,,1612393216247,,1612393216247,1612393216247,1612393216247,1612393216247
1612389599000.0,2021-02-03 13:59:59,,,0.0,0.0,,15.0,,2.0,2.0,0.0,48.0,,,b'{}',"b'{""key1"":""Discharging""}'",,b'{}',,b'{}',b'{}',b'{}',b'{}',,,1612389758450,1612389758450,,1612389758450,,1612389758450,1612389758450,1612389758450,1612389758450
1612385999000.0,2021-02-03 12:59:59,,,0.0,0.0,,13.0,,4.0,2.0,0.0,48.0,,,b'{}',"b'{""key1"":""Discharging""}'",,b'{}',,b'{}',b'{}',b'{}',b'{}',,,1612386017489,1612386017489,,1612386017489,,1612386017489,1612386017489,1612386017489,1612386017489
1612382399000.0,2021-02-03 11:59:59,,,0.0,1.0,,9.0,,1.0,2.0,0.0,48.0,,,b'{}',"b'{""key1"":""Not Charging""}'",,b'{}',,b'{}',b'{}',b'{}',b'{}',,,1612382512190,1612382512190,,1612382512190,,1612382512190,1612382512190,1612382512190,1612382512190
1612378799000.0,2021-02-03 10:59:59,,,0.0,1.0,,8.0,,2.0,2.0,0.0,44.0,,,b'{}',"b'{""key1"":""Charging""}'",,b'{}',,b'{}',b'{}',b'{}',b'{}',,,1612378839686,1612378839686,,1612378839686,,1612378839686,1612378839686,1612378839686,1612378839686
1612375199000.0,2021-02-03 09:59:59,,,0.0,1.0,,6.0,,2.0,2.0,0.0,44.0,,,b'{}',"b'{""key1"":""Discharging""}'",,b'{}',,b'{}',b'{}',b'{}',b'{}',,,1612375236891,1612375236891,,1612375236891,,1612375236891,1612375236891,1612375236891,1612375236891
1612371599000.0,2021-02-03 08:59:59,,,0.0,1.0,,4.0,,2.0,3.0,0.0,42.0,,,b'{}',"b'{""key1"":""Discharging""}'",,b'{}',,b'{}',b'{}',b'{}',b'{}',,,1612371659017,1612371659017,,1612371659017,,1612371659017,1612371659017,1612371659017,1612371659017
1612367999000.0,2021-02-03 07:59:59,,,0.0,1.0,,2.0,,1.0,2.0,0.0,42.0,,,b'{}',"b'{""key1"":""Discharging""}'",,b'{}',,b'{}',b'{}',b'{}',b'{}',,,1612368054926,1612368054926,,1612368054926,,1612368054926,1612368054926,1612368054926,1612368054926
1612364399000.0,2021-02-03 06:59:59,,,0.0,1.0,,1.0,,0.0,0.0,0.0,42.0,,,b'{}',"b'{""key1"":""Discharging""}'",,b'{}',,b'{}',b'{}',b'{}',b'{}',,,1612364417043,1612364417043,,1612364417043,,1612364417043,1612364417043,1612364417043,1612364417043
1612360799000.0,2021-02-03 05:59:59,,,0.0,1.0,,1.0,,1.0,2.0,0.0,42.0,,,b'{}',"b'{""key1"":""Discharging""}'",,b'{}',,b'{}',b'{}',b'{}',b'{}',,,1612360932125,1612360932125,,1612360932125,,1612360932125,1612360932125,1612360932125,1612360932125
1612328399000.0,2021-02-02 20:59:59,,,0.0,1.0,,4.0,,0.0,0.0,0.0,48.0,,,b'{}',"b'{""key1"":""Discharging""}'",,b'{}',,b'{}',b'{}',b'{}',b'{}',,,1612328415071,1612328415071,,1612328415071,,1612328415071,1612328415071,1612328415071,1612328415071
1612324799000.0,2021-02-02 19:59:59,,,0.0,1.0,,4.0,,0.0,0.0,0.0,48.0,,,b'{}',"b'{""key1"":""Discharging""}'",,b'{}',,b'{}',b'{}',b'{}',b'{}',,,1612324837914,1612324837914,,1612324837914,,1612324837914,1612324837914,1612324837914,1612324837914
1612321199000.0,2021-02-02 18:59:59,,,0.0,1.0,,4.0,,0.0,0.0,0.0,50.0,,,b'{}',"b'{""key1"":""Discharging""}'",,b'{}',,b'{}',b'{}',b'{}',b'{}',,,1612321222126,1612321222126,,1612321222126,,1612321222126,1612321222126,1612321222126,1612321222126
1612317599000.0,2021-02-02 17:59:59,,,0.0,1.0,,4.0,,0.0,0.0,0.0,50.0,,,b'{}',"b'{""key1"":""Discharging""}'",,b'{}',,b'{}',b'{}',b'{}',b'{}',,,1612317635726,1612317635726,,1612317635726,,1612317635726,1612317635726,1612317635726,1612317635726
1612313999000.0,2021-02-02 16:59:59,,,0.0,1.0,,4.0,,0.0,0.0,0.0,51.0,,,b'{}',"b'{""key1"":""Discharging""}'",,b'{}',,b'{}',b'{}',b'{}',b'{}',,,1612314015439,1612314015439,,1612314015439,,1612314015439,1612314015439,1612314015439,1612314015439
1612310399000.0,2021-02-02 15:59:59,,,0.0,1.0,,4.0,,1.0,2.0,0.0,60.0,,,b'{}',"b'{""key1"":""Charging""}'",,b'{}',,b'{}',b'{}',b'{}',b'{}',,,1612310437958,1612310437958,,1612310437958,,1612310437958,1612310437958,1612310437958,1612310437958
1612306799000.0,2021-02-02 14:59:59,,,0.0,1.0,,3.0,,1.0,2.0,0.0,51.0,,,b'{}',"b'{""key1"":""Charging""}'",,b'{}',,b'{}',b'{}',b'{}',b'{}',,,1612306859183,1612306859183,,1612306859183,,1612306859183,1612306859183,1612306859183,1612306859183
1612303199000.0,2021-02-02 13:59:59,,,0.0,1.0,,2.0,,1.0,2.0,0.0,51.0,,,b'{}',"b'{""key1"":""Charging""}'",,b'{}',,b'{}',b'{}',b'{}',b'{}',,,1612303214874,1612303214874,,1612303214874,,1612303214874,1612303214874,1612303214874,1612303214874
1612299599000.0,2021-02-02 12:59:59,,,0.0,1.0,,1.0,,0.0,0.0,0.0,50.0,,,b'{}',"b'{""key1"":""Charging""}'",,b'{}',,b'{}',b'{}',b'{}',b'{}',,,1612299657634,1612299657634,,1612299657634,,1612299657634,1612299657634,1612299657634,1612299657634
1612295999000.0,2021-02-02 11:59:59,,,0.0,1.0,,1.0,,1.0,2.0,0.0,51.0,,,b'{}',"b'{""key1"":""Charging""}'",,b'{}',,b'{}',b'{}',b'{}',b'{}',,,1612296099100,1612296099100,,1612296099100,,1612296099100,1612296099100,1612296099100,1612296099100
1612292399000.0,2021-02-02 10:59:59,,,0.0,1.0,,0.0,,0.0,0.0,0.0,50.0,,,b'{}',"b'{""key1"":""Charging""}'",,b'{}',,b'{}',b'{}',b'{}',b'{}',,,1612292443726,1612292443726,,1612292443726,,1612292443726,1612292443726,1612292443726,1612292443726
1612288799000.0,2021-02-02 09:59:59,,,0.0,1.0,,0.0,,0.0,0.0,0.0,50.0,,,b'{}',"b'{""key1"":""Discharging""}'",,b'{}',,b'{}',b'{}',b'{}',b'{}',,,1612288834987,1612288834987,,1612288834987,,1612288834987,1612288834987,1612288834987,1612288834987
1612285199000.0,2021-02-02 08:59:59,,,0.0,1.0,,0.0,,0.0,0.0,0.0,48.0,,,b'{}',"b'{""key1"":""Discharging""}'",,b'{}',,b'{}',b'{}',b'{}',b'{}',,,1612285257840,1612285257840,,1612285257840,,1612285257840,1612285257840,1612285257840,1612285257840
1612281599000.0,2021-02-02 07:59:59,,,0.0,1.0,,0.0,,0.0,0.0,0.0,48.0,,,b'{}',"b'{""key1"":""Discharging""}'",,b'{}',,b'{}',b'{}',b'{}',b'{}',,,1612281634442,1612281634442,,1612281634442,,1612281634442,1612281634442,1612281634442,1612281634442
1612277999000.0,2021-02-02 06:59:59,,,0.0,1.0,,0.0,,0.0,0.0,0.0,48.0,,,b'{}',"b'{""key1"":""Discharging""}'",,b'{}',,b'{}',b'{}',b'{}',b'{}',,,1612278079476,1612278079476,,1612278079476,,1612278079476,1612278079476,1612278079476,1612278079476
1612274399000.0,2021-02-02 05:59:59,,,0.0,1.0,,0.0,,0.0,0.0,0.0,48.0,,,b'{}',"b'{""key1"":""Discharging""}'",,b'{}',,b'{}',b'{}',b'{}',b'{}',,,1612274479533,1612274479533,,1612274479533,,1612274479533,1612274479533,1612274479533,1612274479533
1612241999000.0,2021-02-01 20:59:59,,,0.0,1.0,,38.0,,0.0,0.0,0.0,48.0,,,b'{}',"b'{""key1"":""Discharging""}'",,b'{}',,b'{}',b'{}',b'{}',b'{}',,,1612242042489,1612242042489,,1612242042489,,1612242042489,1612242042489,1612242042489,1612242042489
1612238399000.0,2021-02-01 19:59:59,,,0.0,1.0,,38.0,,0.0,0.0,0.0,48.0,,,b'{}',"b'{""key1"":""Discharging""}'",,b'{}',,b'{}',b'{}',b'{}',b'{}',,,1612238420587,1612238420587,,1612238420587,,1612238420587,1612238420587,1612238420587,1612238420587
1612234799000.0,2021-02-01 18:59:59,,,0.0,1.0,,38.0,,0.0,0.0,0.0,48.0,,,b'{}',"b'{""key1"":""Discharging""}'",,b'{}',,b'{}',b'{}',b'{}',b'{}',,,1612234820905,1612234820905,,1612234820905,,1612234820905,1612234820905,1612234820905,1612234820905
1612231199000.0,2021-02-01 17:59:59,,,0.0,1.0,,38.0,,2.0,2.0,0.0,48.0,,,b'{}',"b'{""key1"":""Discharging""}'",,b'{}',,b'{}',b'{}',b'{}',b'{}',,,1612231220607,1612231220607,,1612231220607,,1612231220607,1612231220607,1612231220607,1612231220607
1612227599000.0,2021-02-01 16:59:59,,,0.0,1.0,,36.0,,2.0,2.0,0.0,48.0,,,b'{}',"b'{""key1"":""Discharging""}'",,b'{}',,b'{}',b'{}',b'{}',b'{}',,,1612227639416,1612227639416,,1612227639416,,1612227639416,1612227639416,1612227639416,1612227639416
1612223999000.0,2021-02-01 15:59:59,,,0.0,1.0,,34.0,,4.0,2.0,0.0,50.0,,,b'{}',"b'{""key1"":""Discharging""}'",,b'{}',,b'{}',b'{}',b'{}',b'{}',,,1612224059276,1612224059276,,1612224059276,,1612224059276,1612224059276,1612224059276,1612224059276
1612220399000.0,2021-02-01 14:59:59,,,0.0,2.0,,30.0,,6.0,2.0,0.0,50.0,,,b'{}',"b'{""key1"":""Charging""}'",,b'{}',,b'{}',b'{}',b'{}',b'{}',,,1612220437466,1612220437466,,1612220437466,,1612220437466,1612220437466,1612220437466,1612220437466
1612216799000.0,2021-02-01 13:59:59,,,0.0,2.0,,24.0,,2.0,2.0,0.0,51.0,,,b'{}',"b'{""key1"":""Charging""}'",,b'{}',,b'{}',b'{}',b'{}',b'{}',,,1612216818254,1612216818254,,1612216818254,,1612216818254,1612216818254,1612216818254,1612216818254
1612213199000.0,2021-02-01 12:59:59,,,0.0,1.0,,22.0,,6.0,2.0,0.0,50.0,,,b'{}',"b'{""key1"":""Charging""}'",,b'{}',,b'{}',b'{}',b'{}',b'{}',,,1612213259763,1612213259763,,1612213259763,,1612213259763,1612213259763,1612213259763,1612213259763
1612209599000.0,2021-02-01 11:59:59,,,0.0,1.0,,16.0,,8.0,2.0,0.0,50.0,,,b'{}',"b'{""key1"":""Charging""}'",,b'{}',,b'{}',b'{}',b'{}',b'{}',,,1612209700337,1612209700337,,1612209700337,,1612209700337,1612209700337,1612209700337,1612209700337
1612205999000.0,2021-02-01 10:59:59,,,0.0,1.0,,8.0,,3.0,2.0,0.0,50.0,,,b'{}',"b'{""key1"":""Charging""}'",,b'{}',,b'{}',b'{}',b'{}',b'{}',,,1612206078290,1612206078290,,1612206078290,,1612206078290,1612206078290,1612206078290,1612206078290
1612202399000.0,2021-02-01 09:59:59,,,0.0,1.0,,5.0,,1.0,2.0,0.0,48.0,,,b'{}',"b'{""key1"":""Charging""}'",,b'{}',,b'{}',b'{}',b'{}',b'{}',,,1612202439025,1612202439025,,1612202439025,,1612202439025,1612202439025,1612202439025,1612202439025
1612198799000.0,2021-02-01 08:59:59,,,0.0,2.0,,4.0,,2.0,2.0,0.0,46.0,,,b'{}',"b'{""key1"":""Discharging""}'",,b'{}',,b'{}',b'{}',b'{}',b'{}',,,1612198816791,1612198816791,,1612198816791,,1612198816791,1612198816791,1612198816791,1612198816791
1612195199000.0,2021-02-01 07:59:59,,,0.0,2.0,,2.0,,1.0,2.0,0.0,46.0,,,b'{}',"b'{""key1"":""Discharging""}'",,b'{}',,b'{}',b'{}',b'{}',b'{}',,,1612195244261,1612195244261,,1612195244261,,1612195244261,1612195244261,1612195244261,1612195244261
1612191599000.0,2021-02-01 06:59:59,,,0.0,2.0,,1.0,,1.0,2.0,0.0,46.0,,,b'{}',"b'{""key1"":""Discharging""}'",,b'{}',,b'{}',b'{}',b'{}',b'{}',,,1612191616119,1612191616119,,1612191616119,,1612191616119,1612191616119,1612191616119,1612191616119
1612187999000.0,2021-02-01 05:59:59,,,0.0,2.0,,0.0,,0.0,0.0,0.0,44.0,,,b'{}',"b'{""key1"":""Discharging""}'",,b'{}',,b'{}',b'{}',b'{}',b'{}',,,1612188047662,1612188047662,,1612188047662,,1612188047662,1612188047662,1612188047662,1612188047662
1612155599000.0,2021-01-31 20:59:59,,,0.0,2.0,,67.0,,0.0,0.0,0.0,46.0,,,b'{}',"b'{""key1"":""Discharging""}'",,b'{}',,b'{}',b'{}',b'{}',b'{}',,,1612155622661,1612155622661,,1612155622661,,1612155622661,1612155622661,1612155622661,1612155622661
1612151999000.0,2021-01-31 19:59:59,,,0.0,2.0,,67.0,,0.0,0.0,0.0,46.0,,,b'{}',"b'{""key1"":""Discharging""}'",,b'{}',,b'{}',b'{}',b'{}',b'{}',,,1612152064785,1612152064785,,1612152064785,,1612152064785,1612152064785,1612152064785,1612152064785
1612148399000.0,2021-01-31 18:59:59,,,0.0,2.0,,67.0,,0.0,0.0,0.0,48.0,,,b'{}',"b'{""key1"":""Discharging""}'",,b'{}',,b'{}',b'{}',b'{}',b'{}',,,1612148503760,1612148503760,,1612148503760,,1612148503760,1612148503760,1612148503760,1612148503760
1612144799000.0,2021-01-31 17:59:59,,,0.0,2.0,,67.0,,1.0,2.0,0.0,48.0,,,b'{}',"b'{""key1"":""Discharging""}'",,b'{}',,b'{}',b'{}',b'{}',b'{}',,,1612144823038,1612144823038,,1612144823038,,1612144823038,1612144823038,1612144823038,1612144823038
1612141199000.0,2021-01-31 16:59:59,,,0.0,2.0,,66.0,,5.0,2.0,0.0,48.0,,,b'{}',"b'{""key1"":""Discharging""}'",,b'{}',,b'{}',b'{}',b'{}',b'{}',,,1612141221986,1612141221986,,1612141221986,,1612141221986,1612141221986,1612141221986,1612141221986
1612137599000.0,2021-01-31 15:59:59,,,0.0,2.0,,61.0,,10.0,2.0,0.0,51.0,,,b'{}',"b'{""key1"":""Charging""}'",,b'{}',,b'{}',b'{}',b'{}',b'{}',,,1612137642159,1612137642159,,1612137642159,,1612137642159,1612137642159,1612137642159,1612137642159
1612133999000.0,2021-01-31 14:59:59,,,0.0,2.0,,51.0,,9.0,2.0,0.0,50.0,,,b'{}',"b'{""key1"":""Charging""}'",,b'{}',,b'{}',b'{}',b'{}',b'{}',,,1612134020942,1612134020942,,1612134020942,,1612134020942,1612134020942,1612134020942,1612134020942
1612130399000.0,2021-01-31 13:59:59,,,0.0,2.0,,42.0,,4.0,2.0,0.0,50.0,,,b'{}',"b'{""key1"":""Charging""}'",,b'{}',,b'{}',b'{}',b'{}',b'{}',,,1612130420045,1612130420045,,1612130420045,,1612130420045,1612130420045,1612130420045,1612130420045
1612126799000.0,2021-01-31 12:59:59,,,0.0,2.0,,38.0,,7.0,2.0,0.0,51.0,,,b'{}',"b'{""key1"":""Charging""}'",,b'{}',,b'{}',b'{}',b'{}',b'{}',,,1612126918057,1612126918057,,1612126918057,,1612126918057,1612126918057,1612126918057,1612126918057
1612123199000.0,2021-01-31 11:59:59,,,0.0,2.0,,31.0,,10.0,2.0,0.0,48.0,,,b'{}',"b'{""key1"":""Charging""}'",,b'{}',,b'{}',b'{}',b'{}',b'{}',,,1612123238969,1612123238969,,1612123238969,,1612123238969,1612123238969,1612123238969,1612123238969
1612119599000.0,2021-01-31 10:59:59,,,0.0,2.0,,21.0,,6.0,2.0,0.0,46.0,,,b'{}',"b'{""key1"":""Charging""}'",,b'{}',,b'{}',b'{}',b'{}',b'{}',,,1612119618057,1612119618057,,1612119618057,,1612119618057,1612119618057,1612119618057,1612119618057
1612115999000.0,2021-01-31 09:59:59,,,0.0,2.0,,15.0,,7.0,2.0,0.0,46.0,,,b'{}',"b'{""key1"":""Charging""}'",,b'{}',,b'{}',b'{}',b'{}',b'{}',,,1612116035823,1612116035823,,1612116035823,,1612116035823,1612116035823,1612116035823,1612116035823
1612112399000.0,2021-01-31 08:59:59,,,0.0,2.0,,8.0,,5.0,2.0,0.0,44.0,,,b'{}',"b'{""key1"":""Charging""}'",,b'{}',,b'{}',b'{}',b'{}',b'{}',,,1612112440068,1612112440068,,1612112440068,,1612112440068,1612112440068,1612112440068,1612112440068
1612108799000.0,2021-01-31 07:59:59,,,0.0,2.0,,3.0,,2.0,2.0,0.0,42.0,,,b'{}',"b'{""key1"":""Discharging""}'",,b'{}',,b'{}',b'{}',b'{}',b'{}',,,1612108837920,1612108837920,,1612108837920,,1612108837920,1612108837920,1612108837920,1612108837920
1612105199000.0,2021-01-31 06:59:59,,,0.0,2.0,,1.0,,0.0,0.0,0.0,42.0,,,b'{}',"b'{""key1"":""Discharging""}'",,b'{}',,b'{}',b'{}',b'{}',b'{}',,,1612105215856,1612105215856,,1612105215856,,1612105215856,1612105215856,1612105215856,1612105215856
1612101599000.0,2021-01-31 05:59:59,,,0.0,2.0,,1.0,,1.0,1.0,0.0,44.0,,,b'{}',"b'{""key1"":""Discharging""}'",,b'{}',,b'{}',b'{}',b'{}',b'{}',,,1612101665489,1612101665489,,1612101665489,,1612101665489,1612101665489,1612101665489,1612101665489
1612069199000.0,2021-01-30 20:59:59,,,0.0,2.0,,47.0,,1.0,2.0,0.0,44.0,,,b'{}',"b'{""key1"":""Discharging""}'",,b'{}',,b'{}',b'{}',b'{}',b'{}',,,1612069240844,1612069240844,,1612069240844,,1612069240844,1612069240844,1612069240844,1612069240844
1612065599000.0,2021-01-30 19:59:59,,,0.0,2.0,,46.0,,0.0,0.0,0.0,42.0,,,b'{}',"b'{""key1"":""Discharging""}'",,b'{}',,b'{}',b'{}',b'{}',b'{}',,,1612065621002,1612065621002,,1612065621002,,1612065621002,1612065621002,1612065621002,1612065621002
1612061999000.0,2021-01-30 18:59:59,,,0.0,2.0,,46.0,,0.0,0.0,0.0,44.0,,,b'{}',"b'{""key1"":""Discharging""}'",,b'{}',,b'{}',b'{}',b'{}',b'{}',,,1612062044917,1612062044917,,1612062044917,,1612062044917,1612062044917,1612062044917,1612062044917
1612058399000.0,2021-01-30 17:59:59,,,0.0,2.0,,46.0,,0.0,0.0,0.0,46.0,,,b'{}',"b'{""key1"":""Discharging""}'",,b'{}',,b'{}',b'{}',b'{}',b'{}',,,1612058442942,1612058442942,,1612058442942,,1612058442942,1612058442942,1612058442942,1612058442942
1612054799000.0,2021-01-30 16:59:59,,,0.0,2.0,,46.0,,8.0,2.0,0.0,46.0,,,b'{}',"b'{""key1"":""Discharging""}'",,b'{}',,b'{}',b'{}',b'{}',b'{}',,,1612054879245,1612054879245,,1612054879245,,1612054879245,1612054879245,1612054879245,1612054879245
1612051199000.0,2021-01-30 15:59:59,,,0.0,2.0,,38.0,,6.0,2.0,0.0,50.0,,,b'{}',"b'{""key1"":""Discharging""}'",,b'{}',,b'{}',b'{}',b'{}',b'{}',,,1612051259470,1612051259470,,1612051259470,,1612051259470,1612051259470,1612051259470,1612051259470
1612047599000.0,2021-01-30 14:59:59,,,0.0,2.0,,32.0,,6.0,2.0,0.0,50.0,,,b'{}',"b'{""key1"":""Charging""}'",,b'{}',,b'{}',b'{}',b'{}',b'{}',,,1612047637745,1612047637745,,1612047637745,,1612047637745,1612047637745,1612047637745,1612047637745
1612043999000.0,2021-01-30 13:59:59,,,0.0,2.0,,26.0,,9.0,2.0,0.0,48.0,,,b'{}',"b'{""key1"":""Charging""}'",,b'{}',,b'{}',b'{}',b'{}',b'{}',,,1612044039001,1612044039001,,1612044039001,,1612044039001,1612044039001,1612044039001,1612044039001
1612040399000.0,2021-01-30 12:59:59,,,0.0,2.0,,17.0,,8.0,2.0,0.0,48.0,,,b'{}',"b'{""key1"":""Charging""}'",,b'{}',,b'{}',b'{}',b'{}',b'{}',,,1612040439800,1612040439800,,1612040439800,,1612040439800,1612040439800,1612040439800,1612040439800
1612036799000.0,2021-01-30 11:59:59,,,0.0,2.0,,9.0,,3.0,2.0,0.0,48.0,,,b'{}',"b'{""key1"":""Charging""}'",,b'{}',,b'{}',b'{}',b'{}',b'{}',,,1612036926407,1612036926407,,1612036926407,,1612036926407,1612036926407,1612036926407,1612036926407
1612033199000.0,2021-01-30 10:59:59,,,0.0,2.0,,6.0,,2.0,2.0,0.0,46.0,,,b'{}',"b'{""key1"":""Charging""}'",,b'{}',,b'{}',b'{}',b'{}',b'{}',,,1612033216488,1612033216488,,1612033216488,,1612033216488,1612033216488,1612033216488,1612033216488
1612029599000.0,2021-01-30 09:59:59,,,0.0,2.0,,4.0,,3.0,2.0,0.0,48.0,,,b'{}',"b'{""key1"":""Charging""}'",,b'{}',,b'{}',b'{}',b'{}',b'{}',,,1612029638309,1612029638309,,1612029638309,,1612029638309,1612029638309,1612029638309,1612029638309
1612025999000.0,2021-01-30 08:59:59,,,0.0,2.0,,1.0,,1.0,2.0,0.0,44.0,,,b'{}',"b'{""key1"":""Charging""}'",,b'{}',,b'{}',b'{}',b'{}',b'{}',,,1612026016766,1612026016766,,1612026016766,,1612026016766,1612026016766,1612026016766,1612026016766
1612022399000.0,2021-01-30 07:59:59,,,0.0,2.0,,0.0,,0.0,0.0,0.0,42.0,,,b'{}',"b'{""key1"":""Discharging""}'",,b'{}',,b'{}',b'{}',b'{}',b'{}',,,1612022435550,1612022435550,,1612022435550,,1612022435550,1612022435550,1612022435550,1612022435550
1612018799000.0,2021-01-30 06:59:59,,,0.0,2.0,,0.0,,0.0,0.0,0.0,42.0,,,b'{}',"b'{""key1"":""Discharging""}'",,b'{}',,b'{}',b'{}',b'{}',b'{}',,,1612018878260,1612018878260,,1612018878260,,1612018878260,1612018878260,1612018878260,1612018878260
1612015199000.0,2021-01-30 05:59:59,,,0.0,2.0,,0.0,,0.0,0.0,0.0,42.0,,,b'{}',"b'{""key1"":""Discharging""}'",,b'{}',,b'{}',b'{}',b'{}',b'{}',,,1612015237287,1612015237287,,1612015237287,,1612015237287,1612015237287,1612015237287,1612015237287
1611982799000.0,2021-01-29 20:59:59,,,0.0,3.0,,14.0,,0.0,0.0,0.0,42.0,,,b'{}',"b'{""key1"":""Discharging""}'",,b'{}',,b'{}',b'{}',b'{}',b'{}',,,1611982835162,1611982835162,,1611982835162,,1611982835162,1611982835162,1611982835162,1611982835162
1611979199000.0,2021-01-29 19:59:59,,,0.0,3.0,,14.0,,0.0,0.0,0.0,44.0,,,b'{}',"b'{""key1"":""Discharging""}'",,b'{}',,b'{}',b'{}',b'{}',b'{}',,,1611979258320,1611979258320,,1611979258320,,1611979258320,1611979258320,1611979258320,1611979258320
1611975599000.0,2021-01-29 18:59:59,,,0.0,3.0,,14.0,,0.0,0.0,0.0,44.0,,,b'{}',"b'{""key1"":""Discharging""}'",,b'{}',,b'{}',b'{}',b'{}',b'{}',,,1611975702474,1611975702474,,1611975702474,,1611975702474,1611975702474,1611975702474,1611975702474
1611971999000.0,2021-01-29 17:59:59,,,0.0,4.0,,14.0,,2.0,2.0,0.0,46.0,,,b'{}',"b'{""key1"":""Discharging""}'",,b'{}',,b'{}',b'{}',b'{}',b'{}',,,1611972039166,1611972039166,,1611972039166,,1611972039166,1611972039166,1611972039166,1611972039166
1611968399000.0,2021-01-29 16:59:59,,,0.0,4.0,,12.0,,1.0,2.0,0.0,48.0,,,b'{}',"b'{""key1"":""Discharging""}'",,b'{}',,b'{}',b'{}',b'{}',b'{}',,,1611968415656,1611968415656,,1611968415656,,1611968415656,1611968415656,1611968415656,1611968415656
1611964799000.0,2021-01-29 15:59:59,,,0.0,4.0,,11.0,,5.0,2.0,0.0,51.0,,,b'{}',"b'{""key1"":""Charging""}'",,b'{}',,b'{}',b'{}',b'{}',b'{}',,,1611964837064,1611964837064,,1611964837064,,1611964837064,1611964837064,1611964837064,1611964837064
1611961199000.0,2021-01-29 14:59:59,,,0.0,5.0,,6.0,,0.0,0.0,0.0,46.0,,,b'{}',"b'{""key1"":""Charging""}'",,b'{}',,b'{}',b'{}',b'{}',b'{}',,,1611961215634,1611961215634,,1611961215634,,1611961215634,1611961215634,1611961215634,1611961215634
1611957599000.0,2021-01-29 13:59:59,,,0.0,5.0,,6.0,,1.0,2.0,0.0,48.0,,,b'{}',"b'{""key1"":""Charging""}'",,b'{}',,b'{}',b'{}',b'{}',b'{}',,,1611957640510,1611957640510,,1611957640510,,1611957640510,1611957640510,1611957640510,1611957640510
1611953999000.0,2021-01-29 12:59:59,,,0.0,5.0,,5.0,,1.0,2.0,0.0,46.0,,,b'{}',"b'{""key1"":""Charging""}'",,b'{}',,b'{}',b'{}',b'{}',b'{}',,,1611954058913,1611954058913,,1611954058913,,1611954058913,1611954058913,1611954058913,1611954058913
1611950399000.0,2021-01-29 11:59:59,,,0.0,6.0,,4.0,,2.0,3.0,0.0,48.0,,,b'{}',"b'{""key1"":""Charging""}'",,b'{}',,b'{}',b'{}',b'{}',b'{}',,,1611950556696,1611950556696,,1611950556696,,1611950556696,1611950556696,1611950556696,1611950556696
1611946799000.0,2021-01-29 10:59:59,,,0.0,7.0,,2.0,,1.0,2.0,0.0,46.0,,,b'{}',"b'{""key1"":""Charging""}'",,b'{}',,b'{}',b'{}',b'{}',b'{}',,,1611946815471,1611946815471,,1611946815471,,1611946815471,1611946815471,1611946815471,1611946815471
1611943199000.0,2021-01-29 09:59:59,,,0.0,7.0,,1.0,,0.0,0.0,0.0,42.0,,,b'{}',"b'{""key1"":""Charging""}'",,b'{}',,b'{}',b'{}',b'{}',b'{}',,,1611943215387,1611943215387,,1611943215387,,1611943215387,1611943215387,1611943215387,1611943215387
1611939599000.0,2021-01-29 08:59:59,,,0.0,8.0,,1.0,,0.0,0.0,0.0,41.0,,,b'{}',"b'{""key1"":""Charging""}'",,b'{}',,b'{}',b'{}',b'{}',b'{}',,,1611939615398,1611939615398,,1611939615398,,1611939615398,1611939615398,1611939615398,1611939615398
1611935999000.0,2021-01-29 07:59:59,,,0.0,8.0,,1.0,,1.0,2.0,0.0,41.0,,,b'{}',"b'{""key1"":""Discharging""}'",,b'{}',,b'{}',b'{}',b'{}',b'{}',,,1611936035376,1611936035376,,1611936035376,,1611936035376,1611936035376,1611936035376,1611936035376
1611932399000.0,2021-01-29 06:59:59,,,0.0,8.0,,0.0,,0.0,0.0,0.0,42.0,,,b'{}',"b'{""key1"":""Discharging""}'",,b'{}',,b'{}',b'{}',b'{}',b'{}',,,1611932549480,1611932549480,,1611932549480,,1611932549480,1611932549480,1611932549480,1611932549480
1611928799000.0,2021-01-29 05:59:59,,,0.0,10.0,,0.0,,0.0,0.0,0.0,42.0,,,b'{}',"b'{""key1"":""Discharging""}'",,b'{}',,b'{}',b'{}',b'{}',b'{}',,,1611928821704,1611928821704,,1611928821704,,1611928821704,1611928821704,1611928821704,1611928821704
1611896399000.0,2021-01-28 20:59:59,,,0.0,10.0,,4.0,,0.0,0.0,0.0,46.0,,,b'{}',"b'{""key1"":""Discharging""}'",,b'{}',,b'{}',b'{}',b'{}',b'{}',,,1611896414421,1611896414421,,1611896414421,,1611896414421,1611896414421,1611896414421,1611896414421
1611892799000.0,2021-01-28 19:59:59,,,0.0,11.0,,4.0,,0.0,0.0,0.0,46.0,,,b'{}',"b'{""key1"":""Discharging""}'",,b'{}',,b'{}',b'{}',b'{}',b'{}',,,1611892877504,1611892877504,,1611892877504,,1611892877504,1611892877504,1611892877504,1611892877504
1611889199000.0,2021-01-28 18:59:59,,,0.0,11.0,,4.0,,1.0,2.0,0.0,46.0,,,b'{}',"b'{""key1"":""Discharging""}'",,b'{}',,b'{}',b'{}',b'{}',b'{}',,,1611889215659,1611889215659,,1611889215659,,1611889215659,1611889215659,1611889215659,1611889215659
1611885599000.0,2021-01-28 17:59:59,,,0.0,12.0,,3.0,,0.0,0.0,0.0,46.0,,,b'{}',"b'{""key1"":""Discharging""}'",,b'{}',,b'{}',b'{}',b'{}',b'{}',,,1611885615457,1611885615457,,1611885615457,,1611885615457,1611885615457,1611885615457,1611885615457
1611881999000.0,2021-01-28 16:59:59,,,0.0,12.0,,3.0,,1.0,2.0,0.0,48.0,,,b'{}',"b'{""key1"":""Discharging""}'",,b'{}',,b'{}',b'{}',b'{}',b'{}',,,1611882034289,1611882034289,,1611882034289,,1611882034289,1611882034289,1611882034289,1611882034289
1611878399000.0,2021-01-28 15:59:59,,,0.0,13.0,,2.0,,0.0,0.0,0.0,48.0,,,b'{}',"b'{""key1"":""Charging""}'",,b'{}',,b'{}',b'{}',b'{}',b'{}',,,1611878415212,1611878415212,,1611878415212,,1611878415212,1611878415212,1611878415212,1611878415212
1611874799000.0,2021-01-28 14:59:59,,,0.0,13.0,,2.0,,1.0,2.0,0.0,46.0,,,b'{}',"b'{""key1"":""Charging""}'",,b'{}',,b'{}',b'{}',b'{}',b'{}',,,1611874854229,1611874854229,,1611874854229,,1611874854229,1611874854229,1611874854229,1611874854229
1611871199000.0,2021-01-28 13:59:59,,,0.0,14.0,,1.0,,0.0,0.0,0.0,48.0,,,b'{}',"b'{""key1"":""Charging""}'",,b'{}',,b'{}',b'{}',b'{}',b'{}',,,1611871237904,1611871237904,,1611871237904,,1611871237904,1611871237904,1611871237904,1611871237904
1611867599000.0,2021-01-28 12:59:59,,,0.0,14.0,,1.0,,0.0,0.0,0.0,48.0,,,b'{}',"b'{""key1"":""Charging""}'",,b'{}',,b'{}',b'{}',b'{}',b'{}',,,1611867638505,1611867638505,,1611867638505,,1611867638505,1611867638505,1611867638505,1611867638505
1611863999000.0,2021-01-28 11:59:59,,,0.0,15.0,,1.0,,0.0,0.0,0.0,46.0,,,b'{}',"b'{""key1"":""Discharging""}'",,b'{}',,b'{}',b'{}',b'{}',b'{}',,,1611864141546,1611864141546,,1611864141546,,1611864141546,1611864141546,1611864141546,1611864141546
1611860399000.0,2021-01-28 10:59:59,,,0.0,15.0,,1.0,,0.0,0.0,0.0,46.0,,,b'{}',"b'{""key1"":""Discharging""}'",,b'{}',,b'{}',b'{}',b'{}',b'{}',,,1611860434100,1611860434100,,1611860434100,,1611860434100,1611860434100,1611860434100,1611860434100
1611856799000.0,2021-01-28 09:59:59,,,0.0,16.0,,1.0,,1.0,2.0,0.0,48.0,,,b'{}',"b'{""key1"":""Charging""}'",,b'{}',,b'{}',b'{}',b'{}',b'{}',,,1611856839085,1611856839085,,1611856839085,,1611856839085,1611856839085,1611856839085,1611856839085
1611853199000.0,2021-01-28 08:59:59,,,0.0,16.0,,0.0,,0.0,0.0,0.0,48.0,,,b'{}',"b'{""key1"":""Discharging""}'",,b'{}',,b'{}',b'{}',b'{}',b'{}',,,1611853215360,1611853215360,,1611853215360,,1611853215360,1611853215360,1611853215360,1611853215360
1611849599000.0,2021-01-28 07:59:59,,,0.0,17.0,,0.0,,0.0,0.0,0.0,48.0,,,b'{}',"b'{""key1"":""Discharging""}'",,b'{}',,b'{}',b'{}',b'{}',b'{}',,,1611849644208,1611849644208,,1611849644208,,1611849644208,1611849644208,1611849644208,1611849644208
1611845999000.0,2021-01-28 06:59:59,,,0.0,17.0,,0.0,,0.0,0.0,0.0,48.0,,,b'{}',"b'{""key1"":""Discharging""}'",,b'{}',,b'{}',b'{}',b'{}',b'{}',,,1611846038502,1611846038502,,1611846038502,,1611846038502,1611846038502,1611846038502,1611846038502
1611842399000.0,2021-01-28 05:59:59,,,0.0,17.0,,0.0,,0.0,0.0,0.0,48.0,,,b'{}',"b'{""key1"":""Discharging""}'",,b'{}',,b'{}',b'{}',b'{}',b'{}',,,1611842505688,1611842505688,,1611842505688,,1611842505688,1611842505688,1611842505688,1611842505688
1611813599000.0,2021-01-27 21:59:59,,,0.0,18.0,,257.0,,1.0,2.0,1.0,44.0,,,b'{}',"b'{""key1"":""Discharging""}'",,b'{}',,b'{}',b'{}',b'{}',b'{}',,,1611813657102,1611813657102,,1611813657102,,1611813657102,1611813657102,1611813657102,1611813657102
1611809999000.0,2021-01-27 20:59:59,,,0.0,18.0,,256.0,,0.0,0.0,1.0,44.0,,,b'{}',"b'{""key1"":""Discharging""}'",,b'{}',,b'{}',b'{}',b'{}',b'{}',,,1611810014706,1611810014706,,1611810014706,,1611810014706,1611810014706,1611810014706,1611810014706
1611806399000.0,2021-01-27 19:59:59,,,0.0,19.0,,256.0,,0.0,0.0,1.0,46.0,,,b'{}',"b'{""key1"":""Discharging""}'",,b'{}',,b'{}',b'{}',b'{}',b'{}',,,1611806437819,1611806437819,,1611806437819,,1611806437819,1611806437819,1611806437819,1611806437819
1611802799000.0,2021-01-27 18:59:59,,,0.0,19.0,,256.0,,0.0,0.0,1.0,44.0,,,b'{}',"b'{""key1"":""Discharging""}'",,b'{}',,b'{}',b'{}',b'{}',b'{}',,,1611802857655,1611802857655,,1611802857655,,1611802857655,1611802857655,1611802857655,1611802857655
1611799199000.0,2021-01-27 17:59:59,,,0.0,20.0,,256.0,,0.0,0.0,1.0,44.0,,,b'{}',"b'{""key1"":""Discharging""}'",,b'{}',,b'{}',b'{}',b'{}',b'{}',,,1611799216251,1611799216251,,1611799216251,,1611799216251,1611799216251,1611799216251,1611799216251
1611795599000.0,2021-01-27 16:59:59,,,0.0,20.0,,256.0,,1.0,2.0,1.0,44.0,,,b'{}',"b'{""key1"":""Discharging""}'",,b'{}',,b'{}',b'{}',b'{}',b'{}',,,1611795615453,1611795615453,,1611795615453,,1611795615453,1611795615453,1611795615453,1611795615453
1611791999000.0,2021-01-27 15:59:59,,,0.0,20.0,,255.0,,0.0,0.0,1.0,46.0,,,b'{}',"b'{""key1"":""Discharging""}'",,b'{}',,b'{}',b'{}',b'{}',b'{}',,,1611792013404,1611792013404,,1611792013404,,1611792013404,1611792013404,1611792013404,1611792013404
1611788399000.0,2021-01-27 14:59:59,,,0.0,21.0,,255.0,,0.0,0.0,1.0,46.0,,,b'{}',"b'{""key1"":""Discharging""}'",,b'{}',,b'{}',b'{}',b'{}',b'{}',,,1611788415626,1611788415626,,1611788415626,,1611788415626,1611788415626,1611788415626,1611788415626
1611784799000.0,2021-01-27 13:59:59,,,0.0,21.0,,255.0,,1.0,2.0,1.0,46.0,,,b'{}',"b'{""key1"":""Discharging""}'",,b'{}',,b'{}',b'{}',b'{}',b'{}',,,1611784863424,1611784863424,,1611784863424,,1611784863424,1611784863424,1611784863424,1611784863424
1611781199000.0,2021-01-27 12:59:59,,,0.0,21.0,,254.0,,1.0,2.0,1.0,46.0,,,b'{}',"b'{""key1"":""Discharging""}'",,b'{}',,b'{}',b'{}',b'{}',b'{}',,,1611781238686,1611781238686,,1611781238686,,1611781238686,1611781238686,1611781238686,1611781238686
1611777599000.0,2021-01-27 11:59:59,,,0.0,22.0,,253.0,,0.0,0.0,1.0,48.0,,,b'{}',"b'{""key1"":""Discharging""}'",,b'{}',,b'{}',b'{}',b'{}',b'{}',,,1611777721027,1611777721027,,1611777721027,,1611777721027,1611777721027,1611777721027,1611777721027
1611773999000.0,2021-01-27 10:59:59,,,0.0,23.0,,253.0,,0.0,0.0,1.0,46.0,,,b'{}',"b'{""key1"":""Discharging""}'",,b'{}',,b'{}',b'{}',b'{}',b'{}',,,1611774048670,1611774048670,,1611774048670,,1611774048670,1611774048670,1611774048670,1611774048670
1611770399000.0,2021-01-27 09:59:59,,,0.0,23.0,,253.0,,1.0,2.0,1.0,46.0,,,b'{}',"b'{""key1"":""Charging""}'",,b'{}',,b'{}',b'{}',b'{}',b'{}',,,1611770416768,1611770416768,,1611770416768,,1611770416768,1611770416768,1611770416768,1611770416768
1611766799000.0,2021-01-27 08:59:59,,,0.0,24.0,,252.0,,0.0,0.0,1.0,48.0,,,b'{}',"b'{""key1"":""Discharging""}'",,b'{}',,b'{}',b'{}',b'{}',b'{}',,,1611766816607,1611766816607,,1611766816607,,1611766816607,1611766816607,1611766816607,1611766816607
1611763199000.0,2021-01-27 07:59:59,,,0.0,24.0,,252.0,,1.0,1.0,1.0,46.0,,,b'{}',"b'{""key1"":""Discharging""}'",,b'{}',,b'{}',b'{}',b'{}',b'{}',,,1611763217142,1611763217142,,1611763217142,,1611763217142,1611763217142,1611763217142,1611763217145
1611759599000.0,2021-01-27 06:59:59,,,0.0,24.0,,251.0,,0.0,0.0,1.0,46.0,,,b'{}',"b'{""key1"":""Discharging""}'",,b'{}',,b'{}',b'{}',b'{}',b'{}',,,1611759617825,1611759617825,,1611759617825,,1611759617825,1611759617825,1611759617825,1611759617825
1611755999000.0,2021-01-27 05:59:59,,,0.0,25.0,,251.0,,0.0,0.0,1.0,46.0,,,b'{}',"b'{""key1"":""Discharging""}'",,b'{}',,b'{}',b'{}',b'{}',b'{}',,,1611756016444,1611756016444,,1611756016444,,1611756016444,1611756016444,1611756016444,1611756016444
1611752399000.0,2021-01-27 04:59:59,,,0.0,25.0,,251.0,,1.0,2.0,1.0,46.0,,,b'{}',"b'{""key1"":""Discharging""}'",,b'{}',,b'{}',b'{}',b'{}',b'{}',,,1611752418020,1611752418020,,1611752418020,,1611752418020,1611752418020,1611752418020,1611752418020
1611748799000.0,2021-01-27 03:59:59,,,0.0,25.0,,250.0,,0.0,0.0,1.0,46.0,,,b'{}',"b'{""key1"":""Discharging""}'",,b'{}',,b'{}',b'{}',b'{}',b'{}',,,1611748817093,1611748817093,,1611748817093,,1611748817093,1611748817093,1611748817093,1611748817093
1611745199000.0,2021-01-27 02:59:59,,,0.0,25.0,,250.0,,0.0,0.0,1.0,48.0,,,b'{}',"b'{""key1"":""Discharging""}'",,b'{}',,b'{}',b'{}',b'{}',b'{}',,,1611745239741,1611745239741,,1611745239741,,1611745239741,1611745239741,1611745239741,1611745239741
1611741599000.0,2021-01-27 01:59:59,,,0.0,26.0,,250.0,,1.0,1.0,1.0,48.0,,,b'{}',"b'{""key1"":""Discharging""}'",,b'{}',,b'{}',b'{}',b'{}',b'{}',,,1611741744647,1611741744647,,1611741744647,,1611741744647,1611741744647,1611741744647,1611741744647
1611737999000.0,2021-01-27 00:59:59,,,0.0,26.0,,249.0,,0.0,0.0,1.0,44.0,,,b'{}',"b'{""key1"":""Discharging""}'",,b'{}',,b'{}',b'{}',b'{}',b'{}',,,1611738034589,1611738034589,,1611738034589,,1611738034589,1611738034589,1611738034589,1611738034589
1611734399000.0,2021-01-26 23:59:59,,,0.0,27.0,,249.0,,0.0,0.0,1.0,42.0,,,b'{}',"b'{""key1"":""Discharging""}'",,b'{}',,b'{}',b'{}',b'{}',b'{}',,,1611734415965,1611734415965,,1611734415965,,1611734415965,1611734415965,1611734415965,1611734415965
1611730799000.0,2021-01-26 22:59:59,,,0.0,27.0,,249.0,,0.0,0.0,1.0,42.0,,,b'{}',"b'{""key1"":""Discharging""}'",,b'{}',,b'{}',b'{}',b'{}',b'{}',,,1611730838511,1611730838511,,1611730838511,,1611730838511,1611730838511,1611730838511,1611730838511
1611727199000.0,2021-01-26 21:59:59,,,0.0,27.0,,249.0,,1.0,2.0,1.0,42.0,,,b'{}',"b'{""key1"":""Discharging""}'",,b'{}',,b'{}',b'{}',b'{}',b'{}',,,1611727215545,1611727215545,,1611727215545,,1611727215545,1611727215545,1611727215545,1611727215545
1611723599000.0,2021-01-26 20:59:59,,,0.0,28.0,,248.0,,2.0,2.0,1.0,42.0,,,b'{}',"b'{""key1"":""Discharging""}'",,b'{}',,b'{}',b'{}',b'{}',b'{}',,,1611723657554,1611723657554,,1611723657554,,1611723657554,1611723657554,1611723657554,1611723657554
1611719999000.0,2021-01-26 19:59:59,,,0.0,28.0,,246.0,,0.0,0.0,1.0,42.0,,,b'{}',"b'{""key1"":""Discharging""}'",,b'{}',,b'{}',b'{}',b'{}',b'{}',,,1611720037849,1611720037849,,1611720037849,,1611720037849,1611720037849,1611720037849,1611720037849
1611716399000.0,2021-01-26 18:59:59,,,0.0,28.0,,246.0,,0.0,0.0,1.0,42.0,,,b'{}',"b'{""key1"":""Discharging""}'",,b'{}',,b'{}',b'{}',b'{}',b'{}',,,1611716493924,1611716493924,,1611716493924,,1611716493924,1611716493924,1611716493924,1611716493924
1611712799000.0,2021-01-26 17:59:59,,,0.0,29.0,,246.0,,0.0,0.0,1.0,42.0,,,b'{}',"b'{""key1"":""Discharging""}'",,b'{}',,b'{}',b'{}',b'{}',b'{}',,,1611712835126,1611712835126,,1611712835126,,1611712835126,1611712835126,1611712835126,1611712835126
1611709199000.0,2021-01-26 16:59:59,,,0.0,29.0,,246.0,,0.0,0.0,1.0,42.0,,,b'{}',"b'{""key1"":""Discharging""}'",,b'{}',,b'{}',b'{}',b'{}',b'{}',,,1611709220895,1611709220895,,1611709220895,,1611709220895,1611709220895,1611709220895,1611709220895
1611705599000.0,2021-01-26 15:59:59,,,0.0,30.0,,246.0,,0.0,0.0,1.0,44.0,,,b'{}',"b'{""key1"":""Discharging""}'",,b'{}',,b'{}',b'{}',b'{}',b'{}',,,1611705657656,1611705657656,,1611705657656,,1611705657656,1611705657656,1611705657656,1611705657656
1611701999000.0,2021-01-26 14:59:59,,,0.0,30.0,,246.0,,1.0,2.0,1.0,46.0,,,b'{}',"b'{""key1"":""Charging""}'",,b'{}',,b'{}',b'{}',b'{}',b'{}',,,1611702041165,1611702041165,,1611702041165,,1611702041165,1611702041165,1611702041165,1611702041165
1611698399000.0,2021-01-26 13:59:59,,,0.0,30.0,,245.0,,2.0,2.0,1.0,46.0,,,b'{}',"b'{""key1"":""Charging""}'",,b'{}',,b'{}',b'{}',b'{}',b'{}',,,1611698436277,1611698436277,,1611698436277,,1611698436277,1611698436277,1611698436277,1611698436277
1611694799000.0,2021-01-26 12:59:59,,,0.0,31.0,,243.0,,3.0,2.0,1.0,46.0,,,b'{}',"b'{""key1"":""Charging""}'",,b'{}',,b'{}',b'{}',b'{}',b'{}',,,1611694839764,1611694839764,,1611694839764,,1611694839764,1611694839764,1611694839764,1611694839764
1611691199000.0,2021-01-26 11:59:59,,,0.0,31.0,,240.0,,4.0,2.0,1.0,44.0,,,b'{}',"b'{""key1"":""Charging""}'",,b'{}',,b'{}',b'{}',b'{}',b'{}',,,1611691258354,1611691258354,,1611691258354,,1611691258354,1611691258354,1611691258354,1611691258354
1611687599000.0,2021-01-26 10:59:59,,,0.0,31.0,,236.0,,5.0,2.0,1.0,44.0,,,b'{}',"b'{""key1"":""Charging""}'",,b'{}',,b'{}',b'{}',b'{}',b'{}',,,1611687616689,1611687616689,,1611687616689,,1611687616689,1611687616689,1611687616689,1611687616689
1611683999000.0,2021-01-26 09:59:59,,,0.0,31.0,,231.0,,3.0,2.0,1.0,41.0,,,b'{}',"b'{""key1"":""Charging""}'",,b'{}',,b'{}',b'{}',b'{}',b'{}',,,1611684039272,1611684039272,,1611684039272,,1611684039272,1611684039272,1611684039272,1611684039272
1611680399000.0,2021-01-26 08:59:59,,,0.0,32.0,,228.0,,3.0,2.0,1.0,41.0,,,b'{}',"b'{""key1"":""Charging""}'",,b'{}',,b'{}',b'{}',b'{}',b'{}',,,1611680438504,1611680438504,,1611680438504,,1611680438504,1611680438504,1611680438504,1611680438504
1611676799000.0,2021-01-26 07:59:59,,,0.0,32.0,,225.0,,3.0,2.0,1.0,37.0,,,b'{}',"b'{""key1"":""Discharging""}'",,b'{}',,b'{}',b'{}',b'{}',b'{}',,,1611676815953,1611676815953,,1611676815953,,1611676815953,1611676815953,1611676815953,1611676815953
1611673199000.0,2021-01-26 06:59:59,,,0.0,32.0,,222.0,,0.0,0.0,1.0,39.0,,,b'{}',"b'{""key1"":""Discharging""}'",,b'{}',,b'{}',b'{}',b'{}',b'{}',,,1611673234543,1611673234543,,1611673234543,,1611673234543,1611673234543,1611673234543,1611673234543
1611669599000.0,2021-01-26 05:59:59,,,0.0,32.0,,222.0,,0.0,0.0,1.0,39.0,,,b'{}',"b'{""key1"":""Discharging""}'",,b'{}',,b'{}',b'{}',b'{}',b'{}',,,1611669654176,1611669654176,,1611669654176,,1611669654176,1611669654176,1611669654176,1611669654176
1611665999000.0,2021-01-26 04:59:59,,,0.0,32.0,,222.0,,0.0,0.0,1.0,39.0,,,b'{}',"b'{""key1"":""Discharging""}'",,b'{}',,b'{}',b'{}',b'{}',b'{}',,,1611666034422,1611666034422,,1611666034422,,1611666034422,1611666034422,1611666034422,1611666034422
1611662399000.0,2021-01-26 03:59:59,,,0.0,32.0,,222.0,,0.0,0.0,1.0,39.0,,,b'{}',"b'{""key1"":""Discharging""}'",,b'{}',,b'{}',b'{}',b'{}',b'{}',,,1611662520148,1611662520148,,1611662520148,,1611662520148,1611662520148,1611662520148,1611662520148
1611658799000.0,2021-01-26 02:59:59,,,0.0,33.0,,222.0,,0.0,0.0,1.0,39.0,,,b'{}',"b'{""key1"":""Discharging""}'",,b'{}',,b'{}',b'{}',b'{}',b'{}',,,1611658835746,1611658835746,,1611658835746,,1611658835746,1611658835746,1611658835746,1611658835746
1611655199000.0,2021-01-26 01:59:59,,,0.0,33.0,,222.0,,0.0,0.0,1.0,41.0,,,b'{}',"b'{""key1"":""Discharging""}'",,b'{}',,b'{}',b'{}',b'{}',b'{}',,,1611655216120,1611655216120,,1611655216120,,1611655216120,1611655216120,1611655216120,1611655216120
1611651599000.0,2021-01-26 00:59:59,,,0.0,33.0,,222.0,,0.0,0.0,1.0,42.0,,,b'{}',"b'{""key1"":""Discharging""}'",,b'{}',,b'{}',b'{}',b'{}',b'{}',,,1611651635729,1611651635729,,1611651635729,,1611651635729,1611651635729,1611651635729,1611651635729
1611647999000.0,2021-01-25 23:59:59,,,0.0,33.0,,222.0,,0.0,0.0,1.0,42.0,,,b'{}',"b'{""key1"":""Discharging""}'",,b'{}',,b'{}',b'{}',b'{}',b'{}',,,1611648016812,1611648016812,,1611648016812,,1611648016812,1611648016812,1611648016812,1611648016812
1611644399000.0,2021-01-25 22:59:59,,,0.0,33.0,,222.0,,0.0,0.0,1.0,42.0,,,b'{}',"b'{""key1"":""Discharging""}'",,b'{}',,b'{}',b'{}',b'{}',b'{}',,,1611644416137,1611644416137,,1611644416137,,1611644416137,1611644416137,1611644416137,1611644416137
1611640799000.0,2021-01-25 21:59:59,,,0.0,33.0,,222.0,,0.0,0.0,1.0,41.0,,,b'{}',"b'{""key1"":""Discharging""}'",,b'{}',,b'{}',b'{}',b'{}',b'{}',,,1611640836584,1611640836584,,1611640836584,,1611640836584,1611640836584,1611640836584,1611640836584
1611637199000.0,2021-01-25 20:59:59,,,0.0,33.0,,222.0,,1.0,2.0,1.0,42.0,,,b'{}',"b'{""key1"":""Discharging""}'",,b'{}',,b'{}',b'{}',b'{}',b'{}',,,1611637255109,1611637255109,,1611637255109,,1611637255109,1611637255109,1611637255109,1611637255109
1611633599000.0,2021-01-25 19:59:59,,,0.0,33.0,,221.0,,1.0,2.0,1.0,42.0,,,b'{}',"b'{""key1"":""Discharging""}'",,b'{}',,b'{}',b'{}',b'{}',b'{}',,,1611633636569,1611633636569,,1611633636569,,1611633636569,1611633636569,1611633636569,1611633636569
1611629999000.0,2021-01-25 18:59:59,,,0.0,33.0,,220.0,,0.0,0.0,1.0,42.0,,,b'{}',"b'{""key1"":""Discharging""}'",,b'{}',,b'{}',b'{}',b'{}',b'{}',,,1611630015864,1611630015864,,1611630015864,,1611630015864,1611630015864,1611630015864,1611630015864
1611626399000.0,2021-01-25 17:59:59,,,0.0,33.0,,220.0,,5.0,2.0,1.0,42.0,,,b'{}',"b'{""key1"":""Discharging""}'",,b'{}',,b'{}',b'{}',b'{}',b'{}',,,1611626436552,1611626436552,,1611626436552,,1611626436552,1611626436552,1611626436552,1611626436552
1611622799000.0,2021-01-25 16:59:59,,,0.0,33.0,,215.0,,3.0,2.0,1.0,44.0,,,b'{}',"b'{""key1"":""Discharging""}'",,b'{}',,b'{}',b'{}',b'{}',b'{}',,,1611622836001,1611622836001,,1611622836001,,1611622836001,1611622836001,1611622836001,1611622836001
1611619199000.0,2021-01-25 15:59:59,,,0.0,34.0,,212.0,,2.0,2.0,1.0,50.0,,,b'{}',"b'{""key1"":""Charging""}'",,b'{}',,b'{}',b'{}',b'{}',b'{}',,,1611619238721,1611619238721,,1611619238721,,1611619238721,1611619238721,1611619238721,1611619238721
1611615599000.0,2021-01-25 14:59:59,,,0.0,34.0,,210.0,,1.0,2.0,1.0,46.0,,,b'{}',"b'{""key1"":""Charging""}'",,b'{}',,b'{}',b'{}',b'{}',b'{}',,,1611615635917,1611615635917,,1611615635917,,1611615635917,1611615635917,1611615635917,1611615635917
1611611999000.0,2021-01-25 13:59:59,,,0.0,34.0,,209.0,,1.0,2.0,1.0,46.0,,,b'{}',"b'{""key1"":""Charging""}'",,b'{}',,b'{}',b'{}',b'{}',b'{}',,,1611612034729,1611612034729,,1611612034729,,1611612034729,1611612034729,1611612034729,1611612034729
1611608399000.0,2021-01-25 12:59:59,,,0.0,34.0,,208.0,,2.0,2.0,1.0,46.0,,,b'{}',"b'{""key1"":""Charging""}'",,b'{}',,b'{}',b'{}',b'{}',b'{}',,,1611608416057,1611608416057,,1611608416057,,1611608416057,1611608416057,1611608416057,1611608416057
1611604799000.0,2021-01-25 11:59:59,,,0.0,34.0,,206.0,,2.0,2.0,1.0,48.0,,,b'{}',"b'{""key1"":""Charging""}'",,b'{}',,b'{}',b'{}',b'{}',b'{}',,,1611605020965,1611605020965,,1611605020965,,1611605020965,1611605020965,1611605020965,1611605020965
1611601199000.0,2021-01-25 10:59:59,,,0.0,34.0,,204.0,,2.0,2.0,1.0,44.0,,,b'{}',"b'{""key1"":""Charging""}'",,b'{}',,b'{}',b'{}',b'{}',b'{}',,,1611601238877,1611601238877,,1611601238877,,1611601238877,1611601238877,1611601238877,1611601238877
1611597599000.0,2021-01-25 09:59:59,,,0.0,34.0,,202.0,,2.0,2.0,1.0,44.0,,,b'{}',"b'{""key1"":""Charging""}'",,b'{}',,b'{}',b'{}',b'{}',b'{}',,,1611597627647,1611597627647,,1611597627647,,1611597627647,1611597627647,1611597627647,1611597627647
1611593999000.0,2021-01-25 08:59:59,,,0.0,34.0,,200.0,,0.0,0.0,1.0,42.0,,,b'{}',"b'{""key1"":""Charging""}'",,b'{}',,b'{}',b'{}',b'{}',b'{}',,,1611594015473,1611594015473,,1611594015473,,1611594015473,1611594015473,1611594015473,1611594015473
1611590399000.0,2021-01-25 07:59:59,,,0.0,34.0,,200.0,,0.0,0.0,1.0,41.0,,,b'{}',"b'{""key1"":""Discharging""}'",,b'{}',,b'{}',b'{}',b'{}',b'{}',,,1611590435286,1611590435286,,1611590435286,,1611590435286,1611590435286,1611590435286,1611590435286
1611586799000.0,2021-01-25 06:59:59,,,0.0,34.0,,200.0,,1.0,2.0,1.0,41.0,,,b'{}',"b'{""key1"":""Discharging""}'",,b'{}',,b'{}',b'{}',b'{}',b'{}',,,1611586853514,1611586853514,,1611586853514,,1611586853514,1611586853514,1611586853514,1611586853514
1611583199000.0,2021-01-25 05:59:59,,,0.0,34.0,,199.0,,0.0,0.0,1.0,41.0,,,b'{}',"b'{""key1"":""Discharging""}'",,b'{}',,b'{}',b'{}',b'{}',b'{}',,,1611583215444,1611583215444,,1611583215444,,1611583215444,1611583215444,1611583215444,1611583215444
1611579599000.0,2021-01-25 04:59:59,,,0.0,34.0,,199.0,,1.0,1.0,1.0,41.0,,,b'{}',"b'{""key1"":""Discharging""}'",,b'{}',,b'{}',b'{}',b'{}',b'{}',,,1611579636869,1611579636869,,1611579636869,,1611579636869,1611579636869,1611579636869,1611579636869
1611575999000.0,2021-01-25 03:59:59,,,0.0,35.0,,198.0,,0.0,0.0,1.0,41.0,,,b'{}',"b'{""key1"":""Discharging""}'",,b'{}',,b'{}',b'{}',b'{}',b'{}',,,1611576035378,1611576035378,,1611576035378,,1611576035378,1611576035378,1611576035378,1611576035378
1611572399000.0,2021-01-25 02:59:59,,,0.0,35.0,,198.0,,0.0,0.0,1.0,41.0,,,b'{}',"b'{""key1"":""Discharging""}'",,b'{}',,b'{}',b'{}',b'{}',b'{}',,,1611572435754,1611572435754,,1611572435754,,1611572435754,1611572435754,1611572435754,1611572435754
1611568799000.0,2021-01-25 01:59:59,,,0.0,35.0,,198.0,,0.0,0.0,1.0,41.0,,,b'{}',"b'{""key1"":""Discharging""}'",,b'{}',,b'{}',b'{}',b'{}',b'{}',,,1611568860762,1611568860762,,1611568860762,,1611568860762,1611568860762,1611568860762,1611568860762
1611565199000.0,2021-01-25 00:59:59,,,0.0,35.0,,198.0,,0.0,0.0,1.0,41.0,,,b'{}',"b'{""key1"":""Discharging""}'",,b'{}',,b'{}',b'{}',b'{}',b'{}',,,1611565234456,1611565234456,,1611565234456,,1611565234456,1611565234456,1611565234456,1611565234456
1611561599000.0,2021-01-24 23:59:59,,,0.0,35.0,,198.0,,0.0,0.0,1.0,41.0,,,b'{}',"b'{""key1"":""Discharging""}'",,b'{}',,b'{}',b'{}',b'{}',b'{}',,,1611561616056,1611561616056,,1611561616056,,1611561616056,1611561616056,1611561616056,1611561616056
1611557999000.0,2021-01-24 22:59:59,,,0.0,35.0,,198.0,,1.0,2.0,1.0,42.0,,,b'{}',"b'{""key1"":""Discharging""}'",,b'{}',,b'{}',b'{}',b'{}',b'{}',,,1611558020963,1611558020963,,1611558020963,,1611558020963,1611558020963,1611558020963,1611558020963
1611554399000.0,2021-01-24 21:59:59,,,0.0,35.0,,197.0,,0.0,0.0,1.0,42.0,,,b'{}',"b'{""key1"":""Discharging""}'",,b'{}',,b'{}',b'{}',b'{}',b'{}',,,1611554415966,1611554415966,,1611554415966,,1611554415966,1611554415966,1611554415966,1611554415966
1611550799000.0,2021-01-24 20:59:59,,,0.0,35.0,,197.0,,0.0,0.0,1.0,42.0,,,b'{}',"b'{""key1"":""Discharging""}'",,b'{}',,b'{}',b'{}',b'{}',b'{}',,,1611550834600,1611550834600,,1611550834600,,1611550834600,1611550834600,1611550834600,1611550834600
1611547199000.0,2021-01-24 19:59:59,,,0.0,35.0,,197.0,,0.0,0.0,1.0,44.0,,,b'{}',"b'{""key1"":""Discharging""}'",,b'{}',,b'{}',b'{}',b'{}',b'{}',,,1611547236434,1611547236434,,1611547236434,,1611547236434,1611547236434,1611547236434,1611547236434
1611543599000.0,2021-01-24 18:59:59,,,0.0,35.0,,197.0,,0.0,0.0,1.0,44.0,,,b'{}',"b'{""key1"":""Discharging""}'",,b'{}',,b'{}',b'{}',b'{}',b'{}',,,1611543616841,1611543616841,,1611543616841,,1611543616841,1611543616841,1611543616841,1611543616841
1611539999000.0,2021-01-24 17:59:59,,,0.0,35.0,,197.0,,1.0,2.0,1.0,46.0,,,b'{}',"b'{""key1"":""Discharging""}'",,b'{}',,b'{}',b'{}',b'{}',b'{}',,,1611540055770,1611540055770,,1611540055770,,1611540055770,1611540055770,1611540055770,1611540055770
1611536399000.0,2021-01-24 16:59:59,,,0.0,35.0,,196.0,,1.0,2.0,1.0,46.0,,,b'{}',"b'{""key1"":""Discharging""}'",,b'{}',,b'{}',b'{}',b'{}',b'{}',,,1611536416557,1611536416557,,1611536416557,,1611536416557,1611536416557,1611536416557,1611536416557
1611532799000.0,2021-01-24 15:59:59,,,0.0,35.0,,195.0,,1.0,2.0,1.0,46.0,,,b'{}',"b'{""key1"":""Discharging""}'",,b'{}',,b'{}',b'{}',b'{}',b'{}',,,1611532862772,1611532862772,,1611532862772,,1611532862772,1611532862772,1611532862772,1611532862772
1611529199000.0,2021-01-24 14:59:59,,,0.0,35.0,,194.0,,2.0,2.0,1.0,48.0,,,b'{}',"b'{""key1"":""Charging""}'",,b'{}',,b'{}',b'{}',b'{}',b'{}',,,1611529242413,1611529242413,,1611529242413,,1611529242413,1611529242413,1611529242413,1611529242413
1611525599000.0,2021-01-24 13:59:59,,,0.0,35.0,,192.0,,4.0,2.0,1.0,48.0,,,b'{}',"b'{""key1"":""Charging""}'",,b'{}',,b'{}',b'{}',b'{}',b'{}',,,1611525622503,1611525622503,,1611525622503,,1611525622503,1611525622503,1611525622503,1611525622503
1611521999000.0,2021-01-24 12:59:59,,,0.0,35.0,,188.0,,9.0,2.0,1.0,46.0,,,b'{}',"b'{""key1"":""Charging""}'",,b'{}',,b'{}',b'{}',b'{}',b'{}',,,1611522040777,1611522040777,,1611522040777,,1611522040777,1611522040777,1611522040777,1611522040777
1611518399000.0,2021-01-24 11:59:59,,,0.0,35.0,,179.0,,13.0,2.0,1.0,46.0,,,b'{}',"b'{""key1"":""Charging""}'",,b'{}',,b'{}',b'{}',b'{}',b'{}',,,1611518631053,1611518631053,,1611518631053,,1611518631053,1611518631053,1611518631053,1611518631053
1611514799000.0,2021-01-24 10:59:59,,,0.0,35.0,,166.0,,15.0,2.0,1.0,48.0,,,b'{}',"b'{""key1"":""Charging""}'",,b'{}',,b'{}',b'{}',b'{}',b'{}',,,1611514819885,1611514819885,,1611514819885,,1611514819885,1611514819885,1611514819885,1611514819885
1611511199000.0,2021-01-24 09:59:59,,,0.0,35.0,,151.0,,10.0,2.0,1.0,44.0,,,b'{}',"b'{""key1"":""Charging""}'",,b'{}',,b'{}',b'{}',b'{}',b'{}',,,1611511218068,1611511218068,,1611511218068,,1611511218068,1611511218068,1611511218068,1611511218068
1611507599000.0,2021-01-24 08:59:59,,,0.0,35.0,,141.0,,2.0,2.0,1.0,44.0,,,b'{}',"b'{""key1"":""Charging""}'",,b'{}',,b'{}',b'{}',b'{}',b'{}',,,1611507617419,1611507617419,,1611507617419,,1611507617419,1611507617419,1611507617419,1611507617419
1611503999000.0,2021-01-24 07:59:59,,,0.0,35.0,,139.0,,3.0,2.0,1.0,44.0,,,b'{}',"b'{""key1"":""Discharging""}'",,b'{}',,b'{}',b'{}',b'{}',b'{}',,,1611504054623,1611504054623,,1611504054623,,1611504054623,1611504054623,1611504054623,1611504054623
1611500399000.0,2021-01-24 06:59:59,,,0.0,35.0,,136.0,,0.0,0.0,1.0,44.0,,,b'{}',"b'{""key1"":""Discharging""}'",,b'{}',,b'{}',b'{}',b'{}',b'{}',,,1611500435899,1611500435899,,1611500435899,,1611500435899,1611500435899,1611500435899,1611500435899
1611496799000.0,2021-01-24 05:59:59,,,0.0,35.0,,136.0,,0.0,0.0,1.0,42.0,,,b'{}',"b'{""key1"":""Discharging""}'",,b'{}',,b'{}',b'{}',b'{}',b'{}',,,1611496836453,1611496836453,,1611496836453,,1611496836453,1611496836453,1611496836453,1611496836453
1611493199000.0,2021-01-24 04:59:59,,,0.0,35.0,,136.0,,0.0,0.0,1.0,42.0,,,b'{}',"b'{""key1"":""Discharging""}'",,b'{}',,b'{}',b'{}',b'{}',b'{}',,,1611493236525,1611493236525,,1611493236525,,1611493236525,1611493236525,1611493236525,1611493236525
1611489599000.0,2021-01-24 03:59:59,,,0.0,35.0,,136.0,,0.0,0.0,1.0,41.0,,,b'{}',"b'{""key1"":""Discharging""}'",,b'{}',,b'{}',b'{}',b'{}',b'{}',,,1611489642847,1611489642847,,1611489642847,,1611489642847,1611489642847,1611489642847,1611489642847
1611485999000.0,2021-01-24 02:59:59,,,0.0,35.0,,136.0,,0.0,0.0,1.0,41.0,,,b'{}',"b'{""key1"":""Discharging""}'",,b'{}',,b'{}',b'{}',b'{}',b'{}',,,1611486036524,1611486036524,,1611486036524,,1611486036524,1611486036524,1611486036524,1611486036524
1611482399000.0,2021-01-24 01:59:59,,,0.0,35.0,,136.0,,0.0,0.0,1.0,41.0,,,b'{}',"b'{""key1"":""Discharging""}'",,b'{}',,b'{}',b'{}',b'{}',b'{}',,,1611482437338,1611482437338,,1611482437338,,1611482437338,1611482437338,1611482437338,1611482437338
1611478799000.0,2021-01-24 00:59:59,,,0.0,35.0,,136.0,,0.0,0.0,1.0,41.0,,,b'{}',"b'{""key1"":""Discharging""}'",,b'{}',,b'{}',b'{}',b'{}',b'{}',,,1611478837151,1611478837151,,1611478837151,,1611478837151,1611478837151,1611478837151,1611478837151
1611475199000.0,2021-01-23 23:59:59,,,0.0,35.0,,136.0,,0.0,0.0,1.0,42.0,,,b'{}',"b'{""key1"":""Discharging""}'",,b'{}',,b'{}',b'{}',b'{}',b'{}',,,1611475236488,1611475236488,,1611475236488,,1611475236488,1611475236488,1611475236488,1611475236488
1611471599000.0,2021-01-23 22:59:59,,,0.0,35.0,,136.0,,0.0,0.0,1.0,42.0,,,b'{}',"b'{""key1"":""Discharging""}'",,b'{}',,b'{}',b'{}',b'{}',b'{}',,,1611471643553,1611471643553,,1611471643553,,1611471643553,1611471643553,1611471643553,1611471643553
1611467999000.0,2021-01-23 21:59:59,,,0.0,35.0,,136.0,,0.0,0.0,1.0,42.0,,,b'{}',"b'{""key1"":""Discharging""}'",,b'{}',,b'{}',b'{}',b'{}',b'{}',,,1611468017339,1611468017339,,1611468017339,,1611468017339,1611468017339,1611468017339,1611468017339
1611464399000.0,2021-01-23 20:59:59,,,0.0,35.0,,136.0,,0.0,0.0,1.0,42.0,,,b'{}',"b'{""key1"":""Discharging""}'",,b'{}',,b'{}',b'{}',b'{}',b'{}',,,1611464436666,1611464436666,,1611464436666,,1611464436666,1611464436666,1611464436666,1611464436666
1611460799000.0,2021-01-23 19:59:59,,,0.0,35.0,,136.0,,1.0,2.0,1.0,42.0,,,b'{}',"b'{""key1"":""Discharging""}'",,b'{}',,b'{}',b'{}',b'{}',b'{}',,,1611460818722,1611460818722,,1611460818722,,1611460818722,1611460818722,1611460818722,1611460818722
1611457199000.0,2021-01-23 18:59:59,,,0.0,35.0,,135.0,,0.0,0.0,1.0,44.0,,,b'{}',"b'{""key1"":""Discharging""}'",,b'{}',,b'{}',b'{}',b'{}',b'{}',,,1611457218684,1611457218684,,1611457218684,,1611457218684,1611457218684,1611457218684,1611457218684
1611453599000.0,2021-01-23 17:59:59,,,0.0,35.0,,135.0,,4.0,3.0,1.0,46.0,,,b'{}',"b'{""key1"":""Discharging""}'",,b'{}',,b'{}',b'{}',b'{}',b'{}',,,1611453637912,1611453637912,,1611453637912,,1611453637912,1611453637912,1611453637912,1611453637912
1611449999000.0,2021-01-23 16:59:59,,,0.0,35.0,,131.0,,11.0,3.0,1.0,48.0,,,b'{}',"b'{""key1"":""Discharging""}'",,b'{}',,b'{}',b'{}',b'{}',b'{}',,,1611450043503,1611450043503,,1611450043503,,1611450043503,1611450043503,1611450043503,1611450043503
1611446399000.0,2021-01-23 15:59:59,,,0.0,35.0,,120.0,,13.0,2.0,1.0,51.0,,,b'{}',"b'{""key1"":""Discharging""}'",,b'{}',,b'{}',b'{}',b'{}',b'{}',,,1611446402412,1611446402412,,1611446402412,,1611446402412,1611446402412,1611446402412,1611446402412
1611442799000.0,2021-01-23 14:59:59,,,0.0,36.0,,107.0,,15.0,2.0,1.0,50.0,,,b'{}',"b'{""key1"":""Charging""}'",,b'{}',,b'{}',b'{}',b'{}',b'{}',,,1611442800753,1611442800753,,1611442800753,,1611442800753,1611442800753,1611442800753,1611442800753
1611439199000.0,2021-01-23 13:59:59,,,0.0,37.0,,92.0,,5.0,2.0,1.0,50.0,,,b'{}',"b'{""key1"":""Charging""}'",,b'{}',,b'{}',b'{}',b'{}',b'{}',,,1611439200585,1611439200585,,1611439200585,,1611439200585,1611439200585,1611439200585,1611439200585
1611435599000.0,2021-01-23 12:59:59,,,0.0,37.0,,87.0,,23.0,2.0,1.0,48.0,,,b'{}',"b'{""key1"":""Charging""}'",,b'{}',,b'{}',b'{}',b'{}',b'{}',,,1611435600812,1611435600812,,1611435600812,,1611435600812,1611435600812,1611435600812,1611435600812
1611431999000.0,2021-01-23 11:59:59,,,0.0,38.0,,64.0,,64.0,2.0,1.0,50.0,,,b'{}',"b'{""key1"":""Discharging""}'",,b'{}',,b'{}',b'{}',b'{}',b'{}',,,1611432000799,1611432000799,,1611432000799,,1611432000799,1611432000799,1611432000799,1611432000799
1610485199000.0,2021-01-12 12:59:59,,,0.0,100.0,,5.0,,0.0,0.0,2.0,69.0,,,b'{}',"b'{""key1"":""Discharging""}'",,b'{}',,b'{}',b'{}',b'{}',b'{}',,,1610488138104,1610488138104,,1610488138104,,1610488138104,1610488138104,1610488138104,1610488138104
